price,quantity_sold,product,event
24.98,175,Standard Case | iPhone15 Pro Max,Black Friday
16.24,98,Standard Case | iPhone15 Pro Max,No Promo
12.32,103,Standard Case | iPhone15 Pro Max,No Promo
10.82,148,Standard Case | iPhone15 Pro Max,New iPhone
43.3,52,Standard Case | iPhone15 Pro Max,No Promo
22.17,73,Standard Case | iPhone15 Pro Max,No Promo
27.28,62,Standard Case | iPhone15 Pro Max,No Promo
21.69,81,Standard Case | iPhone15 Pro Max,No Promo
28.24,72,Standard Case | iPhone15 Pro Max,No Promo
33.7,52,Standard Case | iPhone15 Pro Max,No Promo
34.3,59,Standard Case | iPhone15 Pro Max,No Promo
37.37,59,Standard Case | iPhone15 Pro Max,No Promo
14.88,93,Standard Case | iPhone15 Pro Max,No Promo
22.47,65,Standard Case | iPhone15 Pro Max,No Promo
31.87,75,Standard Case | iPhone15 Pro Max,No Promo
13.54,88,Standard Case | iPhone15 Pro Max,No Promo
11.81,73,Standard Case | iPhone15 Pro Max,No Promo
43.15,49,Standard Case | iPhone15 Pro Max,No Promo
21.24,82,Standard Case | iPhone15 Pro Max,No Promo
12.98,156,Standard Case | iPhone15 Pro Max,Christmas
40.89,69,Standard Case | iPhone15 Pro Max,No Promo
40.85,68,Standard Case | iPhone15 Pro Max,No Promo
24.34,78,Standard Case | iPhone15 Pro Max,No Promo
23.24,86,Standard Case | iPhone15 Pro Max,No Promo
22.44,85,Standard Case | iPhone15 Pro Max,No Promo
45.49,68,Standard Case | iPhone15 Pro Max,No Promo
14.78,88,Standard Case | iPhone15 Pro Max,No Promo
40.84,74,Standard Case | iPhone15 Pro Max,No Promo
30.91,69,Standard Case | iPhone15 Pro Max,No Promo
22.57,74,Standard Case | iPhone15 Pro Max,No Promo
46.3,68,Standard Case | iPhone15 Pro Max,No Promo
19.15,75,Standard Case | iPhone15 Pro Max,No Promo
21.59,87,Standard Case | iPhone15 Pro Max,No Promo
42.15,61,Standard Case | iPhone15 Pro Max,No Promo
45.7,47,Standard Case | iPhone15 Pro Max,No Promo
19.12,77,Standard Case | iPhone15 Pro Max,No Promo
42.72,57,Standard Case | iPhone15 Pro Max,No Promo
26.7,70,Standard Case | iPhone15 Pro Max,No Promo
14.79,83,Standard Case | iPhone15 Pro Max,No Promo
30.75,73,Standard Case | iPhone15 Pro Max,No Promo
24.55,91,Standard Case | iPhone15 Pro Max,New iPhone
21.39,78,Standard Case | iPhone15 Pro Max,No Promo
34.38,63,Standard Case | iPhone15 Pro Max,No Promo
15.8,87,Standard Case | iPhone15 Pro Max,No Promo
49.43,61,Standard Case | iPhone15 Pro Max,No Promo
19.51,88,Standard Case | iPhone15 Pro Max,No Promo
24.71,81,Standard Case | iPhone15 Pro Max,No Promo
13.61,108,Standard Case | iPhone15 Pro Max,No Promo
22.83,78,Standard Case | iPhone15 Pro Max,No Promo
37.1,57,Standard Case | iPhone15 Pro Max,No Promo
30.48,58,Standard Case | iPhone15 Pro Max,No Promo
37.64,67,Standard Case | iPhone15 Pro Max,No Promo
47.47,44,Standard Case | iPhone15 Pro Max,No Promo
46.99,49,Standard Case | iPhone15 Pro Max,No Promo
20.32,81,Standard Case | iPhone15 Pro Max,No Promo
31.19,81,Standard Case | iPhone15 Pro Max,No Promo
13.72,88,Standard Case | iPhone15 Pro Max,No Promo
23.56,84,Standard Case | iPhone15 Pro Max,No Promo
39.04,63,Standard Case | iPhone15 Pro Max,No Promo
35.68,67,Standard Case | iPhone15 Pro Max,No Promo
16.47,86,Standard Case | iPhone15 Pro Max,No Promo
10.2,82,Standard Case | iPhone15 Pro Max,No Promo
31.95,56,Standard Case | iPhone15 Pro Max,No Promo
38.49,68,Standard Case | iPhone15 Pro Max,No Promo
23.02,86,Standard Case | iPhone15 Pro Max,No Promo
36.3,67,Standard Case | iPhone15 Pro Max,No Promo
13.75,77,Standard Case | iPhone15 Pro Max,No Promo
48.92,42,Standard Case | iPhone15 Pro Max,No Promo
45.68,54,Standard Case | iPhone15 Pro Max,No Promo
33.08,81,Standard Case | iPhone15 Pro Max,No Promo
17.81,71,Standard Case | iPhone15 Pro Max,No Promo
47.62,138,Standard Case | iPhone15 Pro Max,Black Friday
46.59,58,Standard Case | iPhone15 Pro Max,No Promo
48.54,50,Standard Case | iPhone15 Pro Max,No Promo
21.78,73,Standard Case | iPhone15 Pro Max,No Promo
16.78,91,Standard Case | iPhone15 Pro Max,No Promo
47.45,43,Standard Case | iPhone15 Pro Max,No Promo
34.6,124,Standard Case | iPhone15 Pro Max,The Big Game
15.6,87,Standard Case | iPhone15 Pro Max,No Promo
37.88,67,Standard Case | iPhone15 Pro Max,No Promo
24.38,80,Standard Case | iPhone15 Pro Max,No Promo
44.68,60,Standard Case | iPhone15 Pro Max,No Promo
30.45,75,Standard Case | iPhone15 Pro Max,No Promo
38.08,73,Standard Case | iPhone15 Pro Max,No Promo
45.6,46,Standard Case | iPhone15 Pro Max,No Promo
33.13,64,Standard Case | iPhone15 Pro Max,No Promo
28.62,78,Standard Case | iPhone15 Pro Max,No Promo
11.22,72,Standard Case | iPhone15 Pro Max,No Promo
42.9,57,Standard Case | iPhone15 Pro Max,No Promo
40.8,48,Standard Case | iPhone15 Pro Max,No Promo
34.92,65,Standard Case | iPhone15 Pro Max,No Promo
31.63,61,Standard Case | iPhone15 Pro Max,No Promo
39.04,92,Standard Case | iPhone15 Pro Max,Christmas
41.81,60,Standard Case | iPhone15 Pro Max,No Promo
27.56,77,Standard Case | iPhone15 Pro Max,No Promo
26.36,82,Standard Case | iPhone15 Pro Max,No Promo
16.26,101,Standard Case | iPhone15 Pro Max,No Promo
36.41,67,Standard Case | iPhone15 Pro Max,No Promo
48.19,73,Standard Case | iPhone15 Pro Max,No Promo
26.78,83,Standard Case | iPhone15 Pro Max,No Promo
24.24,80,Standard Case | iPhone15 Pro Max,No Promo
28.97,78,Standard Case | iPhone15 Pro Max,No Promo
29.66,67,Standard Case | iPhone15 Pro Max,No Promo
25.94,61,Standard Case | iPhone15 Pro Max,No Promo
35.4,79,Standard Case | iPhone15 Pro Max,No Promo
30.13,55,Standard Case | iPhone15 Pro Max,No Promo
36.35,65,Standard Case | iPhone15 Pro Max,No Promo
11.06,82,Standard Case | iPhone15 Pro Max,No Promo
47.61,68,Standard Case | iPhone15 Pro Max,No Promo
28.33,59,Standard Case | iPhone15 Pro Max,No Promo
47.66,55,Standard Case | iPhone15 Pro Max,No Promo
12.85,80,Standard Case | iPhone15 Pro Max,No Promo
43.8,50,Standard Case | iPhone15 Pro Max,No Promo
14.73,93,Standard Case | iPhone15 Pro Max,No Promo
35.16,72,Standard Case | iPhone15 Pro Max,No Promo
21.28,85,Standard Case | iPhone15 Pro Max,No Promo
40.02,59,Standard Case | iPhone15 Pro Max,No Promo
24.88,76,Standard Case | iPhone15 Pro Max,No Promo
23.63,74,Standard Case | iPhone15 Pro Max,No Promo
40.03,70,Standard Case | iPhone15 Pro Max,No Promo
14.12,98,Standard Case | iPhone15 Pro Max,No Promo
22.8,77,Standard Case | iPhone15 Pro Max,No Promo
25.57,77,Standard Case | iPhone15 Pro Max,No Promo
48.02,50,Standard Case | iPhone15 Pro Max,No Promo
35.27,54,Standard Case | iPhone15 Pro Max,No Promo
36.9,50,Standard Case | iPhone15 Pro Max,No Promo
41.66,58,Standard Case | iPhone15 Pro Max,No Promo
12.3,78,Standard Case | iPhone15 Pro Max,No Promo
27.66,64,Standard Case | iPhone15 Pro Max,No Promo
15.72,81,Standard Case | iPhone15 Pro Max,No Promo
34.73,67,Standard Case | iPhone15 Pro Max,No Promo
12.91,82,Standard Case | iPhone15 Pro Max,No Promo
38.25,47,Standard Case | iPhone15 Pro Max,No Promo
42.51,43,Standard Case | iPhone15 Pro Max,No Promo
49.44,43,Standard Case | iPhone15 Pro Max,No Promo
41.09,56,Standard Case | iPhone15 Pro Max,No Promo
26.97,72,Standard Case | iPhone15 Pro Max,No Promo
10.45,79,Standard Case | iPhone15 Pro Max,No Promo
12.25,90,Standard Case | iPhone15 Pro Max,No Promo
39.84,51,Standard Case | iPhone15 Pro Max,No Promo
48.49,58,Standard Case | iPhone15 Pro Max,No Promo
18.94,121,Standard Case | iPhone15 Pro Max,New iPhone
10.49,140,Standard Case | iPhone15 Pro Max,New iPhone
12.95,87,Standard Case | iPhone15 Pro Max,No Promo
48.77,65,Standard Case | iPhone15 Pro Max,No Promo
28.18,81,Standard Case | iPhone15 Pro Max,No Promo
33.37,88,Standard Case | iPhone15 Pro Max,No Promo
21.1,70,Standard Case | iPhone15 Pro Max,No Promo
28.55,63,Standard Case | iPhone15 Pro Max,No Promo
48.98,119,Standard Case | iPhone15 Pro Max,Christmas
37.93,71,Standard Case | iPhone15 Pro Max,No Promo
37.39,56,Standard Case | iPhone15 Pro Max,No Promo
46.44,40,Standard Case | iPhone15 Pro Max,No Promo
47.31,71,Standard Case | iPhone15 Pro Max,No Promo
11.81,99,Standard Case | iPhone15 Pro Max,No Promo
49.49,45,Standard Case | iPhone15 Pro Max,No Promo
33.77,65,Standard Case | iPhone15 Pro Max,No Promo
26.59,85,Standard Case | iPhone15 Pro Max,No Promo
12.26,87,Standard Case | iPhone15 Pro Max,No Promo
40.76,59,Standard Case | iPhone15 Pro Max,No Promo
43.99,45,Standard Case | iPhone15 Pro Max,No Promo
48.16,50,Standard Case | iPhone15 Pro Max,No Promo
19.15,65,Standard Case | iPhone15 Pro Max,No Promo
14.54,98,Standard Case | iPhone15 Pro Max,No Promo
30.81,80,Standard Case | iPhone15 Pro Max,No Promo
32.08,68,Standard Case | iPhone15 Pro Max,No Promo
45.07,61,Standard Case | iPhone15 Pro Max,No Promo
38.16,75,Standard Case | iPhone15 Pro Max,No Promo
15.45,95,Standard Case | iPhone15 Pro Max,No Promo
25.69,56,Standard Case | iPhone15 Pro Max,No Promo
46.17,68,Standard Case | iPhone15 Pro Max,No Promo
25.86,74,Standard Case | iPhone15 Pro Max,No Promo
44.49,38,Standard Case | iPhone15 Pro Max,No Promo
28.37,142,Standard Case | iPhone15 Pro Max,Christmas
29.7,57,Standard Case | iPhone15 Pro Max,No Promo
13.03,93,Standard Case | iPhone15 Pro Max,No Promo
15.12,88,Standard Case | iPhone15 Pro Max,No Promo
17.28,73,Standard Case | iPhone15 Pro Max,No Promo
45.87,44,Standard Case | iPhone15 Pro Max,No Promo
17.69,87,Standard Case | iPhone15 Pro Max,No Promo
16.76,82,Standard Case | iPhone15 Pro Max,No Promo
18.25,71,Standard Case | iPhone15 Pro Max,No Promo
30.14,62,Standard Case | iPhone15 Pro Max,No Promo
44.94,57,Standard Case | iPhone15 Pro Max,No Promo
12.44,93,Standard Case | iPhone15 Pro Max,No Promo
17.38,90,Standard Case | iPhone15 Pro Max,No Promo
24.82,60,Standard Case | iPhone15 Pro Max,No Promo
28.5,85,Standard Case | iPhone15 Pro Max,No Promo
11.47,94,Standard Case | iPhone15 Pro Max,No Promo
30.47,72,Standard Case | iPhone15 Pro Max,No Promo
14.29,69,Standard Case | iPhone15 Pro Max,No Promo
20.77,81,Standard Case | iPhone15 Pro Max,No Promo
10.8,82,Standard Case | iPhone15 Pro Max,No Promo
14.79,74,Standard Case | iPhone15 Pro Max,No Promo
33.74,66,Standard Case | iPhone15 Pro Max,No Promo
13.48,101,Standard Case | iPhone15 Pro Max,No Promo
33.47,56,Standard Case | iPhone15 Pro Max,No Promo
21.35,76,Standard Case | iPhone15 Pro Max,No Promo
35.84,50,Standard Case | iPhone15 Pro Max,No Promo
14.07,91,Standard Case | iPhone15 Pro Max,No Promo
19.84,74,Standard Case | iPhone15 Pro Max,No Promo
16.93,74,Standard Case | iPhone15 Pro Max,No Promo
13.21,89,Standard Case | iPhone15 Pro Max,No Promo
14.48,85,Standard Case | iPhone15 Pro Max,No Promo
48.78,45,Standard Case | iPhone15 Pro Max,No Promo
16.84,90,Standard Case | iPhone15 Pro Max,No Promo
47.18,36,Standard Case | iPhone15 Pro Max,No Promo
40.78,64,Standard Case | iPhone15 Pro Max,No Promo
22.95,60,Standard Case | iPhone15 Pro Max,No Promo
14.59,85,Standard Case | iPhone15 Pro Max,No Promo
21.55,77,Standard Case | iPhone15 Pro Max,No Promo
31.3,56,Standard Case | iPhone15 Pro Max,No Promo
23.46,86,Standard Case | iPhone15 Pro Max,No Promo
20.19,74,Standard Case | iPhone15 Pro Max,No Promo
40.41,34,Standard Case | iPhone15 Pro Max,No Promo
23.95,68,Standard Case | iPhone15 Pro Max,No Promo
43.22,103,Standard Case | iPhone15 Pro Max,New iPhone
47.53,46,Standard Case | iPhone15 Pro Max,No Promo
12.66,99,Standard Case | iPhone15 Pro Max,No Promo
15.59,86,Standard Case | iPhone15 Pro Max,No Promo
18.07,85,Standard Case | iPhone15 Pro Max,No Promo
36.61,59,Standard Case | iPhone15 Pro Max,No Promo
24.35,87,Standard Case | iPhone15 Pro Max,No Promo
27.57,68,Standard Case | iPhone15 Pro Max,No Promo
28.51,71,Standard Case | iPhone15 Pro Max,No Promo
19.29,97,Standard Case | iPhone15 Pro Max,No Promo
25.36,76,Standard Case | iPhone15 Pro Max,No Promo
14.68,93,Standard Case | iPhone15 Pro Max,No Promo
35.11,68,Standard Case | iPhone15 Pro Max,No Promo
34.8,61,Standard Case | iPhone15 Pro Max,No Promo
45.76,49,Standard Case | iPhone15 Pro Max,No Promo
19.94,71,Standard Case | iPhone15 Pro Max,No Promo
11.34,93,Standard Case | iPhone15 Pro Max,No Promo
23.68,79,Standard Case | iPhone15 Pro Max,No Promo
14.43,82,Standard Case | iPhone15 Pro Max,No Promo
41.89,48,Standard Case | iPhone15 Pro Max,No Promo
19.17,89,Standard Case | iPhone15 Pro Max,No Promo
37.76,75,Standard Case | iPhone15 Pro Max,No Promo
20.07,62,Standard Case | iPhone15 Pro Max,No Promo
28.48,86,Standard Case | iPhone15 Pro Max,No Promo
16.13,108,Standard Case | iPhone15 Pro Max,No Promo
10.72,90,Standard Case | iPhone15 Pro Max,No Promo
47.28,57,Standard Case | iPhone15 Pro Max,No Promo
38.29,63,Standard Case | iPhone15 Pro Max,No Promo
33.05,82,Standard Case | iPhone15 Pro Max,No Promo
47.37,47,Standard Case | iPhone15 Pro Max,No Promo
28.03,72,Standard Case | iPhone15 Pro Max,No Promo
33.65,77,Standard Case | iPhone15 Pro Max,No Promo
12.19,77,Standard Case | iPhone15 Pro Max,No Promo
31.5,51,Standard Case | iPhone15 Pro Max,No Promo
23.85,72,Standard Case | iPhone15 Pro Max,No Promo
18.98,97,Standard Case | iPhone15 Pro Max,No Promo
15.63,57,Standard Case | iPhone15 Pro Max,No Promo
46.59,52,Standard Case | iPhone15 Pro Max,No Promo
33.22,64,Standard Case | iPhone15 Pro Max,No Promo
13.41,132,Standard Case | iPhone15 Pro Max,The Big Game
30.09,70,Standard Case | iPhone15 Pro Max,No Promo
18.4,81,Standard Case | iPhone15 Pro Max,No Promo
18.21,81,Standard Case | iPhone15 Pro Max,No Promo
32.59,61,Standard Case | iPhone15 Pro Max,No Promo
41.02,32,Standard Case | iPhone15 Pro Max,No Promo
26.03,84,Standard Case | iPhone15 Pro Max,No Promo
16.21,69,Standard Case | iPhone15 Pro Max,No Promo
35.76,56,Standard Case | iPhone15 Pro Max,No Promo
11.02,98,Standard Case | iPhone15 Pro Max,No Promo
11.08,101,Standard Case | iPhone15 Pro Max,No Promo
19.24,75,Standard Case | iPhone15 Pro Max,No Promo
36.11,68,Standard Case | iPhone15 Pro Max,No Promo
13.98,93,Standard Case | iPhone15 Pro Max,No Promo
43.21,61,Standard Case | iPhone15 Pro Max,No Promo
36.72,69,Standard Case | iPhone15 Pro Max,No Promo
10.52,86,Standard Case | iPhone15 Pro Max,No Promo
18.32,84,Standard Case | iPhone15 Pro Max,No Promo
26.86,60,Standard Case | iPhone15 Pro Max,No Promo
42.7,50,Standard Case | iPhone15 Pro Max,No Promo
33.61,52,Standard Case | iPhone15 Pro Max,No Promo
34.97,44,Standard Case | iPhone15 Pro Max,No Promo
21.78,95,Standard Case | iPhone15 Pro Max,No Promo
40.54,59,Standard Case | iPhone15 Pro Max,No Promo
45.78,65,Standard Case | iPhone15 Pro Max,No Promo
27.01,76,Standard Case | iPhone15 Pro Max,No Promo
35.34,47,Standard Case | iPhone15 Pro Max,No Promo
15.57,84,Standard Case | iPhone15 Pro Max,No Promo
16.87,86,Standard Case | iPhone15 Pro Max,No Promo
10.74,91,Standard Case | iPhone15 Pro Max,No Promo
20.96,69,Standard Case | iPhone15 Pro Max,No Promo
36.06,66,Standard Case | iPhone15 Pro Max,No Promo
34.02,75,Standard Case | iPhone15 Pro Max,No Promo
17.01,64,Standard Case | iPhone15 Pro Max,No Promo
30.76,56,Standard Case | iPhone15 Pro Max,No Promo
16.65,85,Standard Case | iPhone15 Pro Max,No Promo
19.81,72,Standard Case | iPhone15 Pro Max,No Promo
21.55,68,Standard Case | iPhone15 Pro Max,No Promo
32.66,77,Standard Case | iPhone15 Pro Max,No Promo
36.55,54,Standard Case | iPhone15 Pro Max,No Promo
11.25,95,Standard Case | iPhone15 Pro Max,No Promo
33.8,91,Standard Case | iPhone15 Pro Max,No Promo
23.37,75,Standard Case | iPhone15 Pro Max,No Promo
14.26,85,Standard Case | iPhone15 Pro Max,No Promo
37.54,80,Standard Case | iPhone15 Pro Max,No Promo
19.86,86,Standard Case | iPhone15 Pro Max,No Promo
20.89,88,Standard Case | iPhone15 Pro Max,No Promo
24.44,74,Standard Case | iPhone15 Pro Max,No Promo
17.41,88,Standard Case | iPhone15 Pro Max,No Promo
44.92,60,Standard Case | iPhone15 Pro Max,No Promo
37.69,73,Standard Case | iPhone15 Pro Max,No Promo
19.99,84,Standard Case | iPhone15 Pro Max,No Promo
17.22,84,Standard Case | iPhone15 Pro Max,No Promo
46.62,42,Standard Case | iPhone15 Pro Max,No Promo
46.98,109,Standard Case | iPhone15 Pro Max,New iPhone
47.77,52,Standard Case | iPhone15 Pro Max,No Promo
22.76,77,Standard Case | iPhone15 Pro Max,No Promo
11.48,84,Standard Case | iPhone15 Pro Max,No Promo
13.08,83,Standard Case | iPhone15 Pro Max,No Promo
23.59,74,Standard Case | iPhone15 Pro Max,No Promo
31.58,64,Standard Case | iPhone15 Pro Max,No Promo
22.75,79,Standard Case | iPhone15 Pro Max,No Promo
19.32,89,Standard Case | iPhone15 Pro Max,No Promo
44.8,56,Standard Case | iPhone15 Pro Max,No Promo
47.56,63,Standard Case | iPhone15 Pro Max,No Promo
49.92,44,Standard Case | iPhone15 Pro Max,No Promo
29.2,84,Standard Case | iPhone15 Pro Max,No Promo
44.95,113,Standard Case | iPhone15 Pro Max,Christmas
26.85,87,Standard Case | iPhone15 Pro Max,No Promo
19.55,67,Standard Case | iPhone15 Pro Max,No Promo
21.85,68,Standard Case | iPhone15 Pro Max,No Promo
11.68,87,Standard Case | iPhone15 Pro Max,No Promo
25.37,76,Standard Case | iPhone15 Pro Max,No Promo
18.73,91,Standard Case | iPhone15 Pro Max,No Promo
47.79,50,Standard Case | iPhone15 Pro Max,No Promo
34.54,67,Standard Case | iPhone15 Pro Max,No Promo
34.31,70,Standard Case | iPhone15 Pro Max,No Promo
19.23,74,Standard Case | iPhone15 Pro Max,No Promo
41.18,53,Standard Case | iPhone15 Pro Max,No Promo
12.31,156,Standard Case | iPhone15 Pro Max,New iPhone
37.84,56,Standard Case | iPhone15 Pro Max,No Promo
42.63,59,Standard Case | iPhone15 Pro Max,No Promo
33.72,51,Standard Case | iPhone15 Pro Max,No Promo
13.66,80,Standard Case | iPhone15 Pro Max,No Promo
45.55,123,Standard Case | iPhone15 Pro Max,Black Friday
44.49,62,Standard Case | iPhone15 Pro Max,No Promo
13.48,106,Standard Case | iPhone15 Pro Max,No Promo
24.91,74,Standard Case | iPhone15 Pro Max,No Promo
13.24,104,Standard Case | iPhone15 Pro Max,No Promo
37.33,62,Standard Case | iPhone15 Pro Max,No Promo
29.22,82,Standard Case | iPhone15 Pro Max,No Promo
42.99,63,Standard Case | iPhone15 Pro Max,No Promo
20.68,97,Standard Case | iPhone15 Pro Max,No Promo
41.9,66,Standard Case | iPhone15 Pro Max,No Promo
37.9,67,Standard Case | iPhone15 Pro Max,No Promo
34.74,63,Standard Case | iPhone15 Pro Max,No Promo
23.4,78,Standard Case | iPhone15 Pro Max,No Promo
16.43,83,Standard Case | iPhone15 Pro Max,No Promo
10.26,102,Standard Case | iPhone15 Pro Max,No Promo
34.68,110,Standard Case | iPhone15 Pro Max,Christmas
35.36,72,Standard Case | iPhone15 Pro Max,No Promo
41.19,61,Standard Case | iPhone15 Pro Max,No Promo
48.52,67,Standard Case | iPhone15 Pro Max,No Promo
35.3,60,Standard Case | iPhone15 Pro Max,No Promo
22.04,79,Standard Case | iPhone15 Pro Max,No Promo
12.69,99,Standard Case | iPhone15 Pro Max,No Promo
11.83,72,Standard Case | iPhone15 Pro Max,No Promo
48.94,82,Standard Case | iPhone15 Pro Max,New iPhone
40.33,63,Standard Case | iPhone15 Pro Max,No Promo
10.88,104,Standard Case | iPhone15 Pro Max,No Promo
37.33,62,Standard Case | iPhone15 Pro Max,No Promo
20.95,116,Standard Case | iPhone15 Pro Max,The Big Game
16.54,61,Standard Case | iPhone15 Pro Max,No Promo
37.75,64,Standard Case | iPhone15 Pro Max,No Promo
36.18,58,Standard Case | iPhone15 Pro Max,No Promo
48.03,58,Standard Case | iPhone15 Pro Max,No Promo
26.79,72,Standard Case | iPhone15 Pro Max,No Promo
25.9,73,Standard Case | iPhone15 Pro Max,No Promo
45.76,56,Standard Case | iPhone15 Pro Max,No Promo
18.52,68,Standard Case | iPhone15 Pro Max,No Promo
44.57,69,Standard Case | iPhone15 Pro Max,No Promo
48.73,54,Standard Case | iPhone15 Pro Max,No Promo
40.84,63,Standard Case | iPhone15 Pro Max,No Promo
40.44,61,Standard Case | iPhone15 Pro Max,No Promo
41.86,65,Standard Case | iPhone15 Pro Max,No Promo
14.69,78,Standard Case | iPhone15 Pro Max,No Promo
18.02,99,Standard Case | iPhone15 Pro Max,No Promo
12.57,95,Standard Case | iPhone15 Pro Max,No Promo
22.41,71,Standard Case | iPhone15 Pro Max,No Promo
10.46,85,Standard Case | iPhone15 Pro Max,No Promo
34.0,41,Standard Case | iPhone15 Pro Max,No Promo
37.8,52,Standard Case | iPhone15 Pro Max,No Promo
19.68,153,Standard Case | iPhone15 Pro Max,Christmas
15.7,99,Standard Case | iPhone15 Pro Max,No Promo
32.39,76,Standard Case | iPhone15 Pro Max,No Promo
23.06,74,Standard Case | iPhone15 Pro Max,No Promo
11.33,81,Standard Case | iPhone15 Pro Max,No Promo
25.88,92,Standard Case | iPhone15 Pro Max,No Promo
42.02,64,Standard Case | iPhone15 Pro Max,No Promo
16.7,97,Standard Case | iPhone15 Pro Max,No Promo
11.26,97,Standard Case | iPhone15 Pro Max,No Promo
12.08,94,Standard Case | iPhone15 Pro Max,No Promo
38.56,65,Standard Case | iPhone15 Pro Max,No Promo
23.58,89,Standard Case | iPhone15 Pro Max,No Promo
28.09,73,Standard Case | iPhone15 Pro Max,No Promo
76.32,17,Premium Case | iPhone15 Pro Max,No Promo
93.59,1,Premium Case | iPhone15 Pro Max,No Promo
98.79,6,Premium Case | iPhone15 Pro Max,No Promo
82.94,11,Premium Case | iPhone15 Pro Max,No Promo
77.77,22,Premium Case | iPhone15 Pro Max,No Promo
59.98,41,Premium Case | iPhone15 Pro Max,No Promo
53.61,43,Premium Case | iPhone15 Pro Max,No Promo
93.41,0,Premium Case | iPhone15 Pro Max,No Promo
87.14,0,Premium Case | iPhone15 Pro Max,No Promo
99.38,0,Premium Case | iPhone15 Pro Max,No Promo
93.35,23,Premium Case | iPhone15 Pro Max,No Promo
74.33,21,Premium Case | iPhone15 Pro Max,No Promo
95.04,11,Premium Case | iPhone15 Pro Max,No Promo
95.62,0,Premium Case | iPhone15 Pro Max,No Promo
81.15,12,Premium Case | iPhone15 Pro Max,No Promo
85.79,18,Premium Case | iPhone15 Pro Max,No Promo
58.98,40,Premium Case | iPhone15 Pro Max,No Promo
62.36,49,Premium Case | iPhone15 Pro Max,No Promo
72.27,39,Premium Case | iPhone15 Pro Max,No Promo
58.18,24,Premium Case | iPhone15 Pro Max,No Promo
98.47,0,Premium Case | iPhone15 Pro Max,No Promo
88.67,22,Premium Case | iPhone15 Pro Max,No Promo
98.49,2,Premium Case | iPhone15 Pro Max,No Promo
66.85,20,Premium Case | iPhone15 Pro Max,No Promo
71.54,43,Premium Case | iPhone15 Pro Max,No Promo
58.35,50,Premium Case | iPhone15 Pro Max,No Promo
51.83,44,Premium Case | iPhone15 Pro Max,No Promo
92.21,28,Premium Case | iPhone15 Pro Max,No Promo
79.27,18,Premium Case | iPhone15 Pro Max,No Promo
63.49,34,Premium Case | iPhone15 Pro Max,No Promo
76.56,30,Premium Case | iPhone15 Pro Max,No Promo
65.81,33,Premium Case | iPhone15 Pro Max,No Promo
52.08,57,Premium Case | iPhone15 Pro Max,No Promo
72.74,30,Premium Case | iPhone15 Pro Max,No Promo
74.44,36,Premium Case | iPhone15 Pro Max,No Promo
60.09,29,Premium Case | iPhone15 Pro Max,No Promo
98.5,0,Premium Case | iPhone15 Pro Max,No Promo
93.41,25,Premium Case | iPhone15 Pro Max,No Promo
84.63,16,Premium Case | iPhone15 Pro Max,No Promo
74.86,28,Premium Case | iPhone15 Pro Max,No Promo
93.45,17,Premium Case | iPhone15 Pro Max,No Promo
60.78,51,Premium Case | iPhone15 Pro Max,No Promo
69.69,33,Premium Case | iPhone15 Pro Max,No Promo
99.97,0,Premium Case | iPhone15 Pro Max,No Promo
98.86,4,Premium Case | iPhone15 Pro Max,No Promo
78.35,25,Premium Case | iPhone15 Pro Max,No Promo
93.93,17,Premium Case | iPhone15 Pro Max,No Promo
90.39,0,Premium Case | iPhone15 Pro Max,No Promo
89.89,8,Premium Case | iPhone15 Pro Max,No Promo
77.22,24,Premium Case | iPhone15 Pro Max,No Promo
66.23,49,Premium Case | iPhone15 Pro Max,No Promo
69.43,22,Premium Case | iPhone15 Pro Max,No Promo
61.88,54,Premium Case | iPhone15 Pro Max,No Promo
80.97,29,Premium Case | iPhone15 Pro Max,No Promo
68.99,6,Premium Case | iPhone15 Pro Max,No Promo
51.28,71,Premium Case | iPhone15 Pro Max,No Promo
69.01,41,Premium Case | iPhone15 Pro Max,No Promo
80.4,43,Premium Case | iPhone15 Pro Max,No Promo
90.65,16,Premium Case | iPhone15 Pro Max,No Promo
62.17,40,Premium Case | iPhone15 Pro Max,No Promo
53.01,39,Premium Case | iPhone15 Pro Max,No Promo
74.29,22,Premium Case | iPhone15 Pro Max,No Promo
64.24,37,Premium Case | iPhone15 Pro Max,No Promo
65.57,48,Premium Case | iPhone15 Pro Max,No Promo
85.81,4,Premium Case | iPhone15 Pro Max,No Promo
59.06,38,Premium Case | iPhone15 Pro Max,No Promo
59.07,34,Premium Case | iPhone15 Pro Max,No Promo
78.37,24,Premium Case | iPhone15 Pro Max,No Promo
98.15,4,Premium Case | iPhone15 Pro Max,No Promo
52.17,61,Premium Case | iPhone15 Pro Max,No Promo
97.57,2,Premium Case | iPhone15 Pro Max,No Promo
61.4,39,Premium Case | iPhone15 Pro Max,No Promo
80.55,7,Premium Case | iPhone15 Pro Max,No Promo
89.03,4,Premium Case | iPhone15 Pro Max,No Promo
91.13,2,Premium Case | iPhone15 Pro Max,No Promo
81.19,21,Premium Case | iPhone15 Pro Max,No Promo
79.33,27,Premium Case | iPhone15 Pro Max,No Promo
60.84,43,Premium Case | iPhone15 Pro Max,No Promo
51.18,58,Premium Case | iPhone15 Pro Max,No Promo
61.6,60,Premium Case | iPhone15 Pro Max,No Promo
79.72,12,Premium Case | iPhone15 Pro Max,No Promo
71.41,44,Premium Case | iPhone15 Pro Max,No Promo
84.62,61,Premium Case | iPhone15 Pro Max,The Big Game
63.71,52,Premium Case | iPhone15 Pro Max,No Promo
54.28,39,Premium Case | iPhone15 Pro Max,No Promo
61.33,28,Premium Case | iPhone15 Pro Max,No Promo
53.47,48,Premium Case | iPhone15 Pro Max,No Promo
94.0,0,Premium Case | iPhone15 Pro Max,No Promo
76.65,35,Premium Case | iPhone15 Pro Max,No Promo
99.71,0,Premium Case | iPhone15 Pro Max,No Promo
77.89,15,Premium Case | iPhone15 Pro Max,No Promo
78.11,81,Premium Case | iPhone15 Pro Max,Black Friday
58.77,42,Premium Case | iPhone15 Pro Max,No Promo
54.83,31,Premium Case | iPhone15 Pro Max,No Promo
87.81,23,Premium Case | iPhone15 Pro Max,No Promo
96.36,9,Premium Case | iPhone15 Pro Max,No Promo
69.97,42,Premium Case | iPhone15 Pro Max,No Promo
76.05,25,Premium Case | iPhone15 Pro Max,No Promo
54.46,46,Premium Case | iPhone15 Pro Max,No Promo
89.1,9,Premium Case | iPhone15 Pro Max,No Promo
51.81,40,Premium Case | iPhone15 Pro Max,No Promo
54.38,32,Premium Case | iPhone15 Pro Max,No Promo
77.69,11,Premium Case | iPhone15 Pro Max,No Promo
80.03,0,Premium Case | iPhone15 Pro Max,No Promo
95.97,4,Premium Case | iPhone15 Pro Max,No Promo
69.03,29,Premium Case | iPhone15 Pro Max,No Promo
93.4,0,Premium Case | iPhone15 Pro Max,No Promo
54.05,55,Premium Case | iPhone15 Pro Max,No Promo
58.68,41,Premium Case | iPhone15 Pro Max,No Promo
82.05,17,Premium Case | iPhone15 Pro Max,No Promo
56.63,43,Premium Case | iPhone15 Pro Max,No Promo
80.31,27,Premium Case | iPhone15 Pro Max,No Promo
58.74,30,Premium Case | iPhone15 Pro Max,No Promo
68.38,28,Premium Case | iPhone15 Pro Max,No Promo
51.29,49,Premium Case | iPhone15 Pro Max,No Promo
98.29,7,Premium Case | iPhone15 Pro Max,No Promo
65.59,25,Premium Case | iPhone15 Pro Max,No Promo
82.04,16,Premium Case | iPhone15 Pro Max,No Promo
80.98,16,Premium Case | iPhone15 Pro Max,No Promo
52.91,121,Premium Case | iPhone15 Pro Max,The Big Game
52.89,40,Premium Case | iPhone15 Pro Max,No Promo
84.61,12,Premium Case | iPhone15 Pro Max,No Promo
75.47,71,Premium Case | iPhone15 Pro Max,The Big Game
65.31,46,Premium Case | iPhone15 Pro Max,No Promo
76.35,9,Premium Case | iPhone15 Pro Max,No Promo
68.39,29,Premium Case | iPhone15 Pro Max,No Promo
91.38,2,Premium Case | iPhone15 Pro Max,No Promo
50.96,23,Premium Case | iPhone15 Pro Max,No Promo
88.01,0,Premium Case | iPhone15 Pro Max,No Promo
50.61,51,Premium Case | iPhone15 Pro Max,No Promo
98.79,1,Premium Case | iPhone15 Pro Max,No Promo
55.49,50,Premium Case | iPhone15 Pro Max,No Promo
72.72,27,Premium Case | iPhone15 Pro Max,No Promo
57.5,33,Premium Case | iPhone15 Pro Max,No Promo
86.87,0,Premium Case | iPhone15 Pro Max,No Promo
72.97,10,Premium Case | iPhone15 Pro Max,No Promo
94.6,44,Premium Case | iPhone15 Pro Max,Black Friday
84.41,25,Premium Case | iPhone15 Pro Max,No Promo
62.73,58,Premium Case | iPhone15 Pro Max,No Promo
82.97,10,Premium Case | iPhone15 Pro Max,No Promo
81.83,18,Premium Case | iPhone15 Pro Max,No Promo
57.51,34,Premium Case | iPhone15 Pro Max,No Promo
75.61,20,Premium Case | iPhone15 Pro Max,No Promo
53.56,48,Premium Case | iPhone15 Pro Max,No Promo
97.83,0,Premium Case | iPhone15 Pro Max,No Promo
67.49,22,Premium Case | iPhone15 Pro Max,No Promo
83.07,28,Premium Case | iPhone15 Pro Max,No Promo
63.25,43,Premium Case | iPhone15 Pro Max,No Promo
54.11,100,Premium Case | iPhone15 Pro Max,New iPhone
81.23,11,Premium Case | iPhone15 Pro Max,No Promo
60.28,53,Premium Case | iPhone15 Pro Max,No Promo
82.2,23,Premium Case | iPhone15 Pro Max,No Promo
52.1,77,Premium Case | iPhone15 Pro Max,New iPhone
99.0,10,Premium Case | iPhone15 Pro Max,No Promo
79.12,26,Premium Case | iPhone15 Pro Max,No Promo
56.4,54,Premium Case | iPhone15 Pro Max,No Promo
96.4,0,Premium Case | iPhone15 Pro Max,No Promo
71.97,8,Premium Case | iPhone15 Pro Max,No Promo
97.15,0,Premium Case | iPhone15 Pro Max,No Promo
94.35,2,Premium Case | iPhone15 Pro Max,No Promo
64.3,34,Premium Case | iPhone15 Pro Max,No Promo
87.75,15,Premium Case | iPhone15 Pro Max,No Promo
92.1,14,Premium Case | iPhone15 Pro Max,No Promo
58.87,52,Premium Case | iPhone15 Pro Max,No Promo
99.23,4,Premium Case | iPhone15 Pro Max,No Promo
90.89,2,Premium Case | iPhone15 Pro Max,No Promo
75.29,27,Premium Case | iPhone15 Pro Max,No Promo
79.52,37,Premium Case | iPhone15 Pro Max,No Promo
64.88,42,Premium Case | iPhone15 Pro Max,No Promo
81.81,22,Premium Case | iPhone15 Pro Max,No Promo
58.0,39,Premium Case | iPhone15 Pro Max,No Promo
90.0,1,Premium Case | iPhone15 Pro Max,No Promo
77.75,10,Premium Case | iPhone15 Pro Max,No Promo
67.77,36,Premium Case | iPhone15 Pro Max,No Promo
77.71,14,Premium Case | iPhone15 Pro Max,No Promo
97.9,8,Premium Case | iPhone15 Pro Max,No Promo
66.35,40,Premium Case | iPhone15 Pro Max,No Promo
99.82,0,Premium Case | iPhone15 Pro Max,No Promo
72.43,29,Premium Case | iPhone15 Pro Max,No Promo
69.58,39,Premium Case | iPhone15 Pro Max,No Promo
84.78,0,Premium Case | iPhone15 Pro Max,No Promo
89.71,22,Premium Case | iPhone15 Pro Max,No Promo
79.41,14,Premium Case | iPhone15 Pro Max,No Promo
79.0,22,Premium Case | iPhone15 Pro Max,No Promo
78.03,32,Premium Case | iPhone15 Pro Max,No Promo
63.49,42,Premium Case | iPhone15 Pro Max,No Promo
74.91,23,Premium Case | iPhone15 Pro Max,No Promo
89.24,6,Premium Case | iPhone15 Pro Max,No Promo
89.43,0,Premium Case | iPhone15 Pro Max,No Promo
66.41,31,Premium Case | iPhone15 Pro Max,No Promo
54.43,60,Premium Case | iPhone15 Pro Max,No Promo
99.92,6,Premium Case | iPhone15 Pro Max,No Promo
82.13,30,Premium Case | iPhone15 Pro Max,No Promo
55.92,49,Premium Case | iPhone15 Pro Max,No Promo
91.99,26,Premium Case | iPhone15 Pro Max,No Promo
59.22,56,Premium Case | iPhone15 Pro Max,No Promo
66.73,34,Premium Case | iPhone15 Pro Max,No Promo
64.94,17,Premium Case | iPhone15 Pro Max,No Promo
62.96,42,Premium Case | iPhone15 Pro Max,No Promo
72.91,21,Premium Case | iPhone15 Pro Max,No Promo
56.67,43,Premium Case | iPhone15 Pro Max,No Promo
71.84,45,Premium Case | iPhone15 Pro Max,No Promo
88.28,1,Premium Case | iPhone15 Pro Max,No Promo
87.57,15,Premium Case | iPhone15 Pro Max,No Promo
97.83,1,Premium Case | iPhone15 Pro Max,No Promo
63.09,34,Premium Case | iPhone15 Pro Max,No Promo
95.31,13,Premium Case | iPhone15 Pro Max,No Promo
72.49,19,Premium Case | iPhone15 Pro Max,No Promo
53.27,22,Premium Case | iPhone15 Pro Max,No Promo
67.37,41,Premium Case | iPhone15 Pro Max,No Promo
51.09,49,Premium Case | iPhone15 Pro Max,No Promo
96.84,8,Premium Case | iPhone15 Pro Max,No Promo
70.94,37,Premium Case | iPhone15 Pro Max,No Promo
59.9,27,Premium Case | iPhone15 Pro Max,No Promo
73.2,37,Premium Case | iPhone15 Pro Max,New iPhone
55.7,55,Premium Case | iPhone15 Pro Max,No Promo
61.27,40,Premium Case | iPhone15 Pro Max,No Promo
76.17,35,Premium Case | iPhone15 Pro Max,No Promo
93.01,8,Premium Case | iPhone15 Pro Max,No Promo
77.18,19,Premium Case | iPhone15 Pro Max,No Promo
72.92,31,Premium Case | iPhone15 Pro Max,No Promo
73.11,35,Premium Case | iPhone15 Pro Max,No Promo
82.55,17,Premium Case | iPhone15 Pro Max,No Promo
90.32,2,Premium Case | iPhone15 Pro Max,No Promo
52.6,40,Premium Case | iPhone15 Pro Max,No Promo
58.24,33,Premium Case | iPhone15 Pro Max,No Promo
87.84,15,Premium Case | iPhone15 Pro Max,No Promo
93.98,3,Premium Case | iPhone15 Pro Max,No Promo
61.94,46,Premium Case | iPhone15 Pro Max,No Promo
76.94,22,Premium Case | iPhone15 Pro Max,No Promo
55.27,40,Premium Case | iPhone15 Pro Max,No Promo
88.78,60,Premium Case | iPhone15 Pro Max,New iPhone
60.19,49,Premium Case | iPhone15 Pro Max,No Promo
78.88,14,Premium Case | iPhone15 Pro Max,No Promo
89.9,10,Premium Case | iPhone15 Pro Max,No Promo
57.9,50,Premium Case | iPhone15 Pro Max,No Promo
89.66,6,Premium Case | iPhone15 Pro Max,No Promo
59.21,36,Premium Case | iPhone15 Pro Max,No Promo
82.71,37,Premium Case | iPhone15 Pro Max,No Promo
54.17,35,Premium Case | iPhone15 Pro Max,No Promo
90.18,9,Premium Case | iPhone15 Pro Max,No Promo
99.21,5,Premium Case | iPhone15 Pro Max,No Promo
81.73,16,Premium Case | iPhone15 Pro Max,No Promo
58.11,51,Premium Case | iPhone15 Pro Max,No Promo
77.99,27,Premium Case | iPhone15 Pro Max,No Promo
53.97,49,Premium Case | iPhone15 Pro Max,No Promo
59.37,42,Premium Case | iPhone15 Pro Max,No Promo
85.51,27,Premium Case | iPhone15 Pro Max,No Promo
73.56,5,Premium Case | iPhone15 Pro Max,No Promo
74.71,19,Premium Case | iPhone15 Pro Max,No Promo
66.76,41,Premium Case | iPhone15 Pro Max,No Promo
55.03,50,Premium Case | iPhone15 Pro Max,No Promo
57.1,59,Premium Case | iPhone15 Pro Max,No Promo
82.56,14,Premium Case | iPhone15 Pro Max,No Promo
67.62,36,Premium Case | iPhone15 Pro Max,No Promo
81.71,18,Premium Case | iPhone15 Pro Max,No Promo
83.81,11,Premium Case | iPhone15 Pro Max,No Promo
58.74,43,Premium Case | iPhone15 Pro Max,No Promo
61.36,47,Premium Case | iPhone15 Pro Max,No Promo
84.71,1,Premium Case | iPhone15 Pro Max,No Promo
65.27,39,Premium Case | iPhone15 Pro Max,No Promo
93.56,8,Premium Case | iPhone15 Pro Max,No Promo
89.42,14,Premium Case | iPhone15 Pro Max,No Promo
83.54,14,Premium Case | iPhone15 Pro Max,No Promo
55.55,55,Premium Case | iPhone15 Pro Max,No Promo
77.33,21,Premium Case | iPhone15 Pro Max,No Promo
98.84,0,Premium Case | iPhone15 Pro Max,No Promo
87.0,12,Premium Case | iPhone15 Pro Max,No Promo
64.0,41,Premium Case | iPhone15 Pro Max,No Promo
87.7,9,Premium Case | iPhone15 Pro Max,No Promo
50.9,74,Premium Case | iPhone15 Pro Max,New iPhone
91.47,19,Premium Case | iPhone15 Pro Max,No Promo
93.64,10,Premium Case | iPhone15 Pro Max,No Promo
54.83,63,Premium Case | iPhone15 Pro Max,No Promo
50.62,57,Premium Case | iPhone15 Pro Max,No Promo
64.86,18,Premium Case | iPhone15 Pro Max,No Promo
87.16,22,Premium Case | iPhone15 Pro Max,No Promo
94.62,22,Premium Case | iPhone15 Pro Max,No Promo
53.95,46,Premium Case | iPhone15 Pro Max,No Promo
53.18,58,Premium Case | iPhone15 Pro Max,No Promo
79.95,29,Premium Case | iPhone15 Pro Max,No Promo
93.95,11,Premium Case | iPhone15 Pro Max,No Promo
75.87,17,Premium Case | iPhone15 Pro Max,No Promo
88.69,0,Premium Case | iPhone15 Pro Max,No Promo
94.63,21,Premium Case | iPhone15 Pro Max,No Promo
79.58,33,Premium Case | iPhone15 Pro Max,No Promo
61.87,35,Premium Case | iPhone15 Pro Max,No Promo
74.38,17,Premium Case | iPhone15 Pro Max,No Promo
97.53,2,Premium Case | iPhone15 Pro Max,No Promo
81.71,35,Premium Case | iPhone15 Pro Max,No Promo
62.72,31,Premium Case | iPhone15 Pro Max,No Promo
57.0,42,Premium Case | iPhone15 Pro Max,No Promo
98.58,0,Premium Case | iPhone15 Pro Max,No Promo
80.54,18,Premium Case | iPhone15 Pro Max,No Promo
60.35,36,Premium Case | iPhone15 Pro Max,No Promo
90.13,2,Premium Case | iPhone15 Pro Max,No Promo
75.63,22,Premium Case | iPhone15 Pro Max,No Promo
54.35,52,Premium Case | iPhone15 Pro Max,No Promo
55.69,55,Premium Case | iPhone15 Pro Max,No Promo
74.68,25,Premium Case | iPhone15 Pro Max,No Promo
99.64,0,Premium Case | iPhone15 Pro Max,No Promo
71.09,13,Premium Case | iPhone15 Pro Max,No Promo
95.38,0,Premium Case | iPhone15 Pro Max,No Promo
91.19,81,Premium Case | iPhone15 Pro Max,Black Friday
91.06,4,Premium Case | iPhone15 Pro Max,No Promo
62.88,38,Premium Case | iPhone15 Pro Max,No Promo
80.19,17,Premium Case | iPhone15 Pro Max,No Promo
72.81,18,Premium Case | iPhone15 Pro Max,No Promo
56.05,42,Premium Case | iPhone15 Pro Max,No Promo
54.01,46,Premium Case | iPhone15 Pro Max,No Promo
97.09,0,Premium Case | iPhone15 Pro Max,No Promo
79.68,34,Premium Case | iPhone15 Pro Max,No Promo
81.8,27,Premium Case | iPhone15 Pro Max,No Promo
86.2,16,Premium Case | iPhone15 Pro Max,No Promo
95.12,0,Premium Case | iPhone15 Pro Max,No Promo
50.59,50,Premium Case | iPhone15 Pro Max,No Promo
64.75,29,Premium Case | iPhone15 Pro Max,No Promo
56.15,44,Premium Case | iPhone15 Pro Max,No Promo
67.16,42,Premium Case | iPhone15 Pro Max,No Promo
84.62,19,Premium Case | iPhone15 Pro Max,No Promo
83.65,26,Premium Case | iPhone15 Pro Max,No Promo
72.32,20,Premium Case | iPhone15 Pro Max,No Promo
91.12,7,Premium Case | iPhone15 Pro Max,No Promo
65.94,42,Premium Case | iPhone15 Pro Max,No Promo
68.56,41,Premium Case | iPhone15 Pro Max,No Promo
68.73,42,Premium Case | iPhone15 Pro Max,No Promo
71.53,25,Premium Case | iPhone15 Pro Max,No Promo
57.72,50,Premium Case | iPhone15 Pro Max,No Promo
82.29,12,Premium Case | iPhone15 Pro Max,No Promo
70.48,27,Premium Case | iPhone15 Pro Max,No Promo
83.86,3,Premium Case | iPhone15 Pro Max,No Promo
99.4,0,Premium Case | iPhone15 Pro Max,No Promo
84.41,10,Premium Case | iPhone15 Pro Max,No Promo
75.27,59,Premium Case | iPhone15 Pro Max,New iPhone
69.21,29,Premium Case | iPhone15 Pro Max,No Promo
58.0,38,Premium Case | iPhone15 Pro Max,No Promo
87.81,17,Premium Case | iPhone15 Pro Max,No Promo
55.81,110,Premium Case | iPhone15 Pro Max,Black Friday
65.7,46,Premium Case | iPhone15 Pro Max,No Promo
99.2,4,Premium Case | iPhone15 Pro Max,No Promo
98.06,0,Premium Case | iPhone15 Pro Max,No Promo
77.07,11,Premium Case | iPhone15 Pro Max,No Promo
77.69,28,Premium Case | iPhone15 Pro Max,No Promo
72.02,32,Premium Case | iPhone15 Pro Max,No Promo
62.97,35,Premium Case | iPhone15 Pro Max,No Promo
63.51,66,Premium Case | iPhone15 Pro Max,New iPhone
77.89,11,Premium Case | iPhone15 Pro Max,No Promo
72.2,30,Premium Case | iPhone15 Pro Max,No Promo
74.44,36,Premium Case | iPhone15 Pro Max,No Promo
81.03,38,Premium Case | iPhone15 Pro Max,No Promo
69.76,56,Premium Case | iPhone15 Pro Max,No Promo
61.39,53,Premium Case | iPhone15 Pro Max,New iPhone
95.47,15,Premium Case | iPhone15 Pro Max,No Promo
56.53,44,Premium Case | iPhone15 Pro Max,No Promo
56.24,49,Premium Case | iPhone15 Pro Max,No Promo
97.2,0,Premium Case | iPhone15 Pro Max,No Promo
73.13,105,Premium Case | iPhone15 Pro Max,Christmas
79.44,20,Premium Case | iPhone15 Pro Max,No Promo
64.29,29,Premium Case | iPhone15 Pro Max,No Promo
75.56,38,Premium Case | iPhone15 Pro Max,No Promo
78.86,20,Premium Case | iPhone15 Pro Max,No Promo
91.38,11,Premium Case | iPhone15 Pro Max,No Promo
78.68,78,Premium Case | iPhone15 Pro Max,Black Friday
92.7,5,Premium Case | iPhone15 Pro Max,No Promo
92.35,13,Premium Case | iPhone15 Pro Max,No Promo
81.33,0,Premium Case | iPhone15 Pro Max,No Promo
50.96,60,Premium Case | iPhone15 Pro Max,No Promo
84.63,24,Premium Case | iPhone15 Pro Max,No Promo
64.97,28,Premium Case | iPhone15 Pro Max,No Promo
60.54,126,Premium Case | iPhone15 Pro Max,Black Friday
50.44,115,Premium Case | iPhone15 Pro Max,The Big Game
64.73,40,Premium Case | iPhone15 Pro Max,No Promo
86.89,6,Premium Case | iPhone15 Pro Max,No Promo
87.67,16,Premium Case | iPhone15 Pro Max,No Promo
82.93,20,Premium Case | iPhone15 Pro Max,No Promo
54.43,56,Premium Case | iPhone15 Pro Max,No Promo
53.88,39,Premium Case | iPhone15 Pro Max,No Promo
67.44,31,Premium Case | iPhone15 Pro Max,No Promo
90.41,0,Premium Case | iPhone15 Pro Max,No Promo
53.84,48,Premium Case | iPhone15 Pro Max,No Promo
89.73,0,Premium Case | iPhone15 Pro Max,No Promo
61.62,30,Premium Case | iPhone15 Pro Max,No Promo
90.17,18,Premium Case | iPhone15 Pro Max,No Promo
66.07,31,Premium Case | iPhone15 Pro Max,No Promo
61.3,39,Premium Case | iPhone15 Pro Max,No Promo
67.89,34,Premium Case | iPhone15 Pro Max,No Promo
56.15,13,Premium Case | iPhone15 Pro Max,No Promo
79.29,22,Premium Case | iPhone15 Pro Max,No Promo
53.59,54,Premium Case | iPhone15 Pro Max,No Promo
91.13,0,Premium Case | iPhone15 Pro Max,No Promo
77.63,26,Premium Case | iPhone15 Pro Max,No Promo
63.57,31,Premium Case | iPhone15 Pro Max,No Promo
64.21,30,Premium Case | iPhone15 Pro Max,No Promo
87.43,14,Premium Case | iPhone15 Pro Max,No Promo
50.01,46,Premium Case | iPhone15 Pro Max,No Promo
91.97,9,Premium Case | iPhone15 Pro Max,No Promo
62.34,31,Premium Case | iPhone15 Pro Max,No Promo
68.01,28,Premium Case | iPhone15 Pro Max,No Promo
92.14,10,Premium Case | iPhone15 Pro Max,No Promo
71.69,30,Premium Case | iPhone15 Pro Max,No Promo
25.09,123,Standard Case | iPhone15,New iPhone
29.75,64,Standard Case | iPhone15,No Promo
35.31,74,Standard Case | iPhone15,No Promo
48.64,63,Standard Case | iPhone15,No Promo
48.03,45,Standard Case | iPhone15,No Promo
41.27,55,Standard Case | iPhone15,No Promo
11.93,88,Standard Case | iPhone15,No Promo
27.31,78,Standard Case | iPhone15,No Promo
18.36,76,Standard Case | iPhone15,No Promo
40.7,57,Standard Case | iPhone15,No Promo
42.89,63,Standard Case | iPhone15,No Promo
28.89,59,Standard Case | iPhone15,No Promo
18.63,65,Standard Case | iPhone15,No Promo
15.46,92,Standard Case | iPhone15,No Promo
39.54,48,Standard Case | iPhone15,No Promo
38.53,77,Standard Case | iPhone15,No Promo
45.61,48,Standard Case | iPhone15,No Promo
14.46,83,Standard Case | iPhone15,No Promo
20.7,77,Standard Case | iPhone15,No Promo
29.71,60,Standard Case | iPhone15,No Promo
31.24,68,Standard Case | iPhone15,No Promo
48.54,48,Standard Case | iPhone15,No Promo
37.1,70,Standard Case | iPhone15,No Promo
30.85,152,Standard Case | iPhone15,Christmas
15.02,91,Standard Case | iPhone15,No Promo
14.81,91,Standard Case | iPhone15,No Promo
10.7,90,Standard Case | iPhone15,No Promo
23.92,91,Standard Case | iPhone15,No Promo
10.05,91,Standard Case | iPhone15,No Promo
43.88,56,Standard Case | iPhone15,No Promo
45.94,51,Standard Case | iPhone15,No Promo
25.92,88,Standard Case | iPhone15,No Promo
12.63,86,Standard Case | iPhone15,No Promo
39.9,43,Standard Case | iPhone15,No Promo
12.31,181,Standard Case | iPhone15,Black Friday
48.51,53,Standard Case | iPhone15,No Promo
24.63,71,Standard Case | iPhone15,No Promo
34.9,61,Standard Case | iPhone15,No Promo
33.13,71,Standard Case | iPhone15,No Promo
25.53,85,Standard Case | iPhone15,No Promo
20.4,77,Standard Case | iPhone15,No Promo
28.8,75,Standard Case | iPhone15,No Promo
38.31,53,Standard Case | iPhone15,No Promo
15.37,218,Standard Case | iPhone15,Black Friday
31.19,89,Standard Case | iPhone15,No Promo
13.05,87,Standard Case | iPhone15,No Promo
42.28,35,Standard Case | iPhone15,No Promo
11.76,103,Standard Case | iPhone15,No Promo
27.82,67,Standard Case | iPhone15,No Promo
48.43,57,Standard Case | iPhone15,No Promo
48.06,75,Standard Case | iPhone15,The Big Game
27.48,77,Standard Case | iPhone15,No Promo
12.92,91,Standard Case | iPhone15,No Promo
40.29,59,Standard Case | iPhone15,No Promo
29.08,78,Standard Case | iPhone15,No Promo
36.66,50,Standard Case | iPhone15,No Promo
32.6,64,Standard Case | iPhone15,No Promo
10.36,89,Standard Case | iPhone15,No Promo
47.05,40,Standard Case | iPhone15,No Promo
22.87,83,Standard Case | iPhone15,No Promo
39.15,56,Standard Case | iPhone15,No Promo
29.24,70,Standard Case | iPhone15,No Promo
14.74,92,Standard Case | iPhone15,No Promo
49.73,48,Standard Case | iPhone15,No Promo
40.44,73,Standard Case | iPhone15,No Promo
46.74,117,Standard Case | iPhone15,Black Friday
33.08,60,Standard Case | iPhone15,No Promo
32.56,75,Standard Case | iPhone15,No Promo
36.27,63,Standard Case | iPhone15,No Promo
18.83,71,Standard Case | iPhone15,No Promo
11.44,84,Standard Case | iPhone15,No Promo
48.02,58,Standard Case | iPhone15,No Promo
27.46,88,Standard Case | iPhone15,No Promo
21.3,79,Standard Case | iPhone15,No Promo
45.76,52,Standard Case | iPhone15,No Promo
41.21,68,Standard Case | iPhone15,No Promo
29.9,57,Standard Case | iPhone15,No Promo
23.26,80,Standard Case | iPhone15,No Promo
18.28,55,Standard Case | iPhone15,No Promo
42.44,59,Standard Case | iPhone15,No Promo
23.29,83,Standard Case | iPhone15,No Promo
16.06,95,Standard Case | iPhone15,No Promo
31.56,63,Standard Case | iPhone15,No Promo
15.11,84,Standard Case | iPhone15,No Promo
10.0,83,Standard Case | iPhone15,No Promo
48.92,51,Standard Case | iPhone15,No Promo
22.17,84,Standard Case | iPhone15,No Promo
39.68,48,Standard Case | iPhone15,No Promo
26.91,85,Standard Case | iPhone15,No Promo
42.67,47,Standard Case | iPhone15,No Promo
24.84,69,Standard Case | iPhone15,No Promo
33.63,80,Standard Case | iPhone15,No Promo
13.14,78,Standard Case | iPhone15,No Promo
41.23,63,Standard Case | iPhone15,No Promo
48.09,58,Standard Case | iPhone15,No Promo
21.86,63,Standard Case | iPhone15,No Promo
40.36,79,Standard Case | iPhone15,No Promo
24.77,106,Standard Case | iPhone15,No Promo
43.1,53,Standard Case | iPhone15,No Promo
46.84,71,Standard Case | iPhone15,No Promo
39.16,69,Standard Case | iPhone15,No Promo
17.81,76,Standard Case | iPhone15,No Promo
23.42,157,Standard Case | iPhone15,Christmas
39.08,68,Standard Case | iPhone15,No Promo
47.88,41,Standard Case | iPhone15,No Promo
41.45,54,Standard Case | iPhone15,No Promo
25.37,59,Standard Case | iPhone15,No Promo
38.19,58,Standard Case | iPhone15,No Promo
31.86,111,Standard Case | iPhone15,New iPhone
38.74,54,Standard Case | iPhone15,No Promo
17.17,61,Standard Case | iPhone15,No Promo
15.27,95,Standard Case | iPhone15,No Promo
16.29,90,Standard Case | iPhone15,No Promo
36.91,59,Standard Case | iPhone15,No Promo
20.02,92,Standard Case | iPhone15,No Promo
46.24,56,Standard Case | iPhone15,No Promo
36.96,45,Standard Case | iPhone15,No Promo
22.27,81,Standard Case | iPhone15,No Promo
34.85,58,Standard Case | iPhone15,No Promo
12.73,102,Standard Case | iPhone15,No Promo
21.43,67,Standard Case | iPhone15,No Promo
12.26,100,Standard Case | iPhone15,No Promo
47.78,63,Standard Case | iPhone15,No Promo
17.96,96,Standard Case | iPhone15,No Promo
40.04,50,Standard Case | iPhone15,No Promo
27.28,127,Standard Case | iPhone15,Christmas
12.7,84,Standard Case | iPhone15,No Promo
39.52,51,Standard Case | iPhone15,No Promo
26.91,58,Standard Case | iPhone15,No Promo
18.21,75,Standard Case | iPhone15,No Promo
20.74,81,Standard Case | iPhone15,No Promo
34.15,66,Standard Case | iPhone15,No Promo
13.02,169,Standard Case | iPhone15,Black Friday
33.96,63,Standard Case | iPhone15,No Promo
35.94,72,Standard Case | iPhone15,No Promo
38.27,50,Standard Case | iPhone15,No Promo
22.52,87,Standard Case | iPhone15,No Promo
47.87,54,Standard Case | iPhone15,No Promo
16.19,89,Standard Case | iPhone15,No Promo
18.11,85,Standard Case | iPhone15,No Promo
38.05,59,Standard Case | iPhone15,No Promo
33.32,66,Standard Case | iPhone15,No Promo
28.01,180,Standard Case | iPhone15,Black Friday
17.54,79,Standard Case | iPhone15,No Promo
49.08,50,Standard Case | iPhone15,No Promo
13.71,84,Standard Case | iPhone15,No Promo
46.58,49,Standard Case | iPhone15,No Promo
38.94,44,Standard Case | iPhone15,No Promo
33.58,53,Standard Case | iPhone15,No Promo
38.56,68,Standard Case | iPhone15,No Promo
17.97,74,Standard Case | iPhone15,No Promo
20.83,72,Standard Case | iPhone15,No Promo
12.5,94,Standard Case | iPhone15,No Promo
36.91,77,Standard Case | iPhone15,No Promo
48.06,56,Standard Case | iPhone15,No Promo
47.31,57,Standard Case | iPhone15,No Promo
18.01,90,Standard Case | iPhone15,No Promo
30.86,78,Standard Case | iPhone15,No Promo
24.84,85,Standard Case | iPhone15,No Promo
20.75,102,Standard Case | iPhone15,No Promo
45.81,51,Standard Case | iPhone15,No Promo
35.21,79,Standard Case | iPhone15,No Promo
38.22,81,Standard Case | iPhone15,No Promo
47.45,44,Standard Case | iPhone15,No Promo
42.99,53,Standard Case | iPhone15,No Promo
22.04,77,Standard Case | iPhone15,No Promo
12.25,82,Standard Case | iPhone15,No Promo
36.21,78,Standard Case | iPhone15,No Promo
16.38,91,Standard Case | iPhone15,No Promo
42.57,60,Standard Case | iPhone15,No Promo
14.42,74,Standard Case | iPhone15,No Promo
30.6,61,Standard Case | iPhone15,No Promo
24.28,80,Standard Case | iPhone15,No Promo
22.31,83,Standard Case | iPhone15,No Promo
48.11,52,Standard Case | iPhone15,No Promo
47.64,30,Standard Case | iPhone15,No Promo
14.1,87,Standard Case | iPhone15,No Promo
17.75,112,Standard Case | iPhone15,No Promo
37.08,67,Standard Case | iPhone15,No Promo
27.57,78,Standard Case | iPhone15,No Promo
16.41,89,Standard Case | iPhone15,No Promo
19.18,71,Standard Case | iPhone15,No Promo
16.61,93,Standard Case | iPhone15,No Promo
30.6,78,Standard Case | iPhone15,No Promo
13.34,79,Standard Case | iPhone15,No Promo
14.21,73,Standard Case | iPhone15,No Promo
30.77,55,Standard Case | iPhone15,No Promo
18.78,160,Standard Case | iPhone15,Black Friday
34.65,49,Standard Case | iPhone15,No Promo
31.64,49,Standard Case | iPhone15,No Promo
38.09,35,Standard Case | iPhone15,No Promo
44.82,55,Standard Case | iPhone15,No Promo
31.3,59,Standard Case | iPhone15,No Promo
23.49,79,Standard Case | iPhone15,No Promo
37.68,70,Standard Case | iPhone15,No Promo
18.17,79,Standard Case | iPhone15,No Promo
26.77,99,Standard Case | iPhone15,No Promo
35.14,53,Standard Case | iPhone15,No Promo
20.13,82,Standard Case | iPhone15,No Promo
43.44,74,Standard Case | iPhone15,No Promo
43.73,67,Standard Case | iPhone15,No Promo
28.05,65,Standard Case | iPhone15,No Promo
44.2,47,Standard Case | iPhone15,No Promo
25.51,73,Standard Case | iPhone15,No Promo
46.07,62,Standard Case | iPhone15,No Promo
48.72,28,Standard Case | iPhone15,No Promo
35.93,76,Standard Case | iPhone15,No Promo
27.34,123,Standard Case | iPhone15,The Big Game
32.36,61,Standard Case | iPhone15,No Promo
24.9,63,Standard Case | iPhone15,No Promo
24.78,84,Standard Case | iPhone15,No Promo
38.35,74,Standard Case | iPhone15,No Promo
18.71,79,Standard Case | iPhone15,No Promo
42.18,57,Standard Case | iPhone15,No Promo
31.94,72,Standard Case | iPhone15,No Promo
41.28,73,Standard Case | iPhone15,No Promo
42.12,61,Standard Case | iPhone15,No Promo
34.82,56,Standard Case | iPhone15,No Promo
16.8,86,Standard Case | iPhone15,No Promo
46.33,58,Standard Case | iPhone15,No Promo
33.89,68,Standard Case | iPhone15,No Promo
35.3,74,Standard Case | iPhone15,No Promo
28.96,62,Standard Case | iPhone15,No Promo
22.55,70,Standard Case | iPhone15,No Promo
18.6,81,Standard Case | iPhone15,No Promo
17.52,91,Standard Case | iPhone15,No Promo
37.85,67,Standard Case | iPhone15,No Promo
41.85,68,Standard Case | iPhone15,No Promo
37.69,64,Standard Case | iPhone15,No Promo
22.98,82,Standard Case | iPhone15,No Promo
17.64,86,Standard Case | iPhone15,No Promo
20.59,65,Standard Case | iPhone15,No Promo
42.6,50,Standard Case | iPhone15,No Promo
13.54,92,Standard Case | iPhone15,No Promo
24.73,78,Standard Case | iPhone15,No Promo
11.56,72,Standard Case | iPhone15,No Promo
22.92,73,Standard Case | iPhone15,No Promo
46.04,117,Standard Case | iPhone15,The Big Game
43.02,61,Standard Case | iPhone15,No Promo
12.69,71,Standard Case | iPhone15,No Promo
49.96,57,Standard Case | iPhone15,No Promo
44.32,118,Standard Case | iPhone15,The Big Game
19.66,70,Standard Case | iPhone15,No Promo
10.9,86,Standard Case | iPhone15,No Promo
41.35,69,Standard Case | iPhone15,No Promo
19.28,67,Standard Case | iPhone15,No Promo
40.57,63,Standard Case | iPhone15,No Promo
32.54,78,Standard Case | iPhone15,No Promo
44.58,56,Standard Case | iPhone15,No Promo
40.27,59,Standard Case | iPhone15,No Promo
38.3,66,Standard Case | iPhone15,No Promo
47.13,38,Standard Case | iPhone15,No Promo
23.68,82,Standard Case | iPhone15,No Promo
33.73,75,Standard Case | iPhone15,No Promo
28.19,61,Standard Case | iPhone15,No Promo
47.67,67,Standard Case | iPhone15,No Promo
30.01,80,Standard Case | iPhone15,No Promo
21.01,92,Standard Case | iPhone15,No Promo
35.44,70,Standard Case | iPhone15,No Promo
28.21,62,Standard Case | iPhone15,No Promo
43.49,72,Standard Case | iPhone15,No Promo
43.53,65,Standard Case | iPhone15,No Promo
48.44,26,Standard Case | iPhone15,No Promo
16.15,80,Standard Case | iPhone15,No Promo
21.08,96,Standard Case | iPhone15,No Promo
24.2,91,Standard Case | iPhone15,No Promo
11.27,90,Standard Case | iPhone15,No Promo
45.24,47,Standard Case | iPhone15,No Promo
36.36,69,Standard Case | iPhone15,No Promo
21.46,70,Standard Case | iPhone15,No Promo
49.89,52,Standard Case | iPhone15,No Promo
48.94,59,Standard Case | iPhone15,No Promo
43.9,50,Standard Case | iPhone15,No Promo
49.01,49,Standard Case | iPhone15,No Promo
44.1,53,Standard Case | iPhone15,No Promo
12.84,79,Standard Case | iPhone15,No Promo
19.17,75,Standard Case | iPhone15,No Promo
16.7,80,Standard Case | iPhone15,No Promo
48.92,50,Standard Case | iPhone15,No Promo
21.13,83,Standard Case | iPhone15,No Promo
23.05,72,Standard Case | iPhone15,No Promo
20.26,76,Standard Case | iPhone15,No Promo
36.96,68,Standard Case | iPhone15,No Promo
15.88,78,Standard Case | iPhone15,No Promo
44.59,55,Standard Case | iPhone15,No Promo
22.1,69,Standard Case | iPhone15,No Promo
42.15,59,Standard Case | iPhone15,No Promo
15.76,111,Standard Case | iPhone15,No Promo
20.95,78,Standard Case | iPhone15,No Promo
22.26,69,Standard Case | iPhone15,No Promo
12.28,105,Standard Case | iPhone15,No Promo
32.97,63,Standard Case | iPhone15,No Promo
41.08,62,Standard Case | iPhone15,No Promo
43.6,76,Standard Case | iPhone15,The Big Game
45.58,53,Standard Case | iPhone15,No Promo
39.67,46,Standard Case | iPhone15,No Promo
29.33,80,Standard Case | iPhone15,No Promo
26.27,70,Standard Case | iPhone15,No Promo
28.16,69,Standard Case | iPhone15,No Promo
48.06,48,Standard Case | iPhone15,No Promo
32.71,89,Standard Case | iPhone15,No Promo
19.19,79,Standard Case | iPhone15,No Promo
24.89,77,Standard Case | iPhone15,No Promo
17.41,71,Standard Case | iPhone15,No Promo
18.75,75,Standard Case | iPhone15,No Promo
47.08,106,Standard Case | iPhone15,New iPhone
32.85,79,Standard Case | iPhone15,No Promo
24.7,70,Standard Case | iPhone15,No Promo
32.27,62,Standard Case | iPhone15,No Promo
36.91,67,Standard Case | iPhone15,No Promo
18.73,72,Standard Case | iPhone15,No Promo
10.03,81,Standard Case | iPhone15,No Promo
41.7,51,Standard Case | iPhone15,No Promo
28.33,76,Standard Case | iPhone15,No Promo
13.75,76,Standard Case | iPhone15,No Promo
19.53,73,Standard Case | iPhone15,No Promo
28.72,65,Standard Case | iPhone15,No Promo
29.49,75,Standard Case | iPhone15,No Promo
33.88,113,Standard Case | iPhone15,The Big Game
43.1,70,Standard Case | iPhone15,No Promo
11.22,90,Standard Case | iPhone15,No Promo
34.61,44,Standard Case | iPhone15,No Promo
30.39,48,Standard Case | iPhone15,No Promo
43.57,73,Standard Case | iPhone15,No Promo
11.0,83,Standard Case | iPhone15,No Promo
34.33,68,Standard Case | iPhone15,No Promo
16.94,78,Standard Case | iPhone15,No Promo
40.03,72,Standard Case | iPhone15,No Promo
40.91,65,Standard Case | iPhone15,No Promo
47.17,71,Standard Case | iPhone15,No Promo
12.65,88,Standard Case | iPhone15,No Promo
41.01,71,Standard Case | iPhone15,No Promo
23.8,77,Standard Case | iPhone15,No Promo
47.33,55,Standard Case | iPhone15,No Promo
34.46,74,Standard Case | iPhone15,No Promo
47.89,47,Standard Case | iPhone15,No Promo
39.56,69,Standard Case | iPhone15,No Promo
49.6,65,Standard Case | iPhone15,No Promo
23.6,60,Standard Case | iPhone15,No Promo
23.74,72,Standard Case | iPhone15,No Promo
47.42,58,Standard Case | iPhone15,No Promo
12.47,85,Standard Case | iPhone15,No Promo
16.51,84,Standard Case | iPhone15,No Promo
19.87,50,Standard Case | iPhone15,No Promo
36.48,68,Standard Case | iPhone15,No Promo
46.17,69,Standard Case | iPhone15,No Promo
40.28,50,Standard Case | iPhone15,No Promo
26.1,91,Standard Case | iPhone15,No Promo
45.82,65,Standard Case | iPhone15,No Promo
20.87,68,Standard Case | iPhone15,No Promo
17.39,94,Standard Case | iPhone15,No Promo
14.8,82,Standard Case | iPhone15,No Promo
31.26,49,Standard Case | iPhone15,No Promo
33.84,65,Standard Case | iPhone15,No Promo
16.58,92,Standard Case | iPhone15,No Promo
23.76,77,Standard Case | iPhone15,No Promo
36.35,66,Standard Case | iPhone15,No Promo
36.28,76,Standard Case | iPhone15,No Promo
25.98,72,Standard Case | iPhone15,No Promo
33.07,67,Standard Case | iPhone15,No Promo
14.75,188,Standard Case | iPhone15,Christmas
11.3,94,Standard Case | iPhone15,No Promo
31.29,71,Standard Case | iPhone15,No Promo
21.85,65,Standard Case | iPhone15,No Promo
42.75,90,Standard Case | iPhone15,Christmas
12.01,79,Standard Case | iPhone15,No Promo
37.68,67,Standard Case | iPhone15,No Promo
20.11,66,Standard Case | iPhone15,No Promo
24.37,74,Standard Case | iPhone15,No Promo
24.03,89,Standard Case | iPhone15,No Promo
42.23,42,Standard Case | iPhone15,No Promo
43.64,28,Standard Case | iPhone15,No Promo
25.24,70,Standard Case | iPhone15,No Promo
28.36,83,Standard Case | iPhone15,No Promo
47.3,54,Standard Case | iPhone15,No Promo
31.26,73,Standard Case | iPhone15,No Promo
29.02,75,Standard Case | iPhone15,No Promo
48.85,41,Standard Case | iPhone15,No Promo
38.59,51,Standard Case | iPhone15,No Promo
34.51,63,Standard Case | iPhone15,No Promo
36.47,70,Standard Case | iPhone15,No Promo
26.13,53,Standard Case | iPhone15,No Promo
42.59,43,Standard Case | iPhone15,No Promo
14.23,78,Standard Case | iPhone15,No Promo
26.53,67,Standard Case | iPhone15,No Promo
25.81,76,Standard Case | iPhone15,No Promo
16.27,82,Standard Case | iPhone15,No Promo
16.73,77,Standard Case | iPhone15,No Promo
32.28,85,Standard Case | iPhone15,No Promo
48.32,51,Standard Case | iPhone15,No Promo
45.45,56,Standard Case | iPhone15,No Promo
35.19,71,Standard Case | iPhone15,No Promo
40.1,52,Standard Case | iPhone15,No Promo
39.26,78,Standard Case | iPhone15,No Promo
15.86,96,Standard Case | iPhone15,No Promo
27.25,74,Standard Case | iPhone15,No Promo
46.6,52,Standard Case | iPhone15,No Promo
30.56,81,Standard Case | iPhone15,No Promo
32.92,66,Standard Case | iPhone15,No Promo
39.13,65,Standard Case | iPhone15,No Promo
83.55,15,Premium Case | iPhone15,No Promo
89.16,16,Premium Case | iPhone15,No Promo
99.52,16,Premium Case | iPhone15,No Promo
84.4,26,Premium Case | iPhone15,No Promo
96.93,0,Premium Case | iPhone15,No Promo
65.36,40,Premium Case | iPhone15,No Promo
70.86,26,Premium Case | iPhone15,No Promo
87.86,0,Premium Case | iPhone15,No Promo
54.21,56,Premium Case | iPhone15,No Promo
58.15,58,Premium Case | iPhone15,No Promo
51.19,53,Premium Case | iPhone15,No Promo
96.32,0,Premium Case | iPhone15,No Promo
52.53,28,Premium Case | iPhone15,No Promo
51.43,61,Premium Case | iPhone15,No Promo
50.57,48,Premium Case | iPhone15,No Promo
79.42,20,Premium Case | iPhone15,No Promo
98.69,10,Premium Case | iPhone15,No Promo
63.57,26,Premium Case | iPhone15,No Promo
68.74,30,Premium Case | iPhone15,No Promo
91.62,2,Premium Case | iPhone15,No Promo
61.22,37,Premium Case | iPhone15,No Promo
66.87,24,Premium Case | iPhone15,No Promo
54.18,16,Premium Case | iPhone15,No Promo
66.72,29,Premium Case | iPhone15,No Promo
76.5,36,Premium Case | iPhone15,No Promo
88.01,15,Premium Case | iPhone15,No Promo
57.46,30,Premium Case | iPhone15,No Promo
83.98,0,Premium Case | iPhone15,No Promo
51.73,38,Premium Case | iPhone15,No Promo
82.08,24,Premium Case | iPhone15,No Promo
94.3,0,Premium Case | iPhone15,No Promo
70.57,21,Premium Case | iPhone15,No Promo
83.62,26,Premium Case | iPhone15,No Promo
69.85,35,Premium Case | iPhone15,No Promo
86.9,1,Premium Case | iPhone15,No Promo
54.06,109,Premium Case | iPhone15,The Big Game
57.81,104,Premium Case | iPhone15,The Big Game
93.31,24,Premium Case | iPhone15,No Promo
73.38,11,Premium Case | iPhone15,No Promo
66.51,14,Premium Case | iPhone15,No Promo
92.53,9,Premium Case | iPhone15,No Promo
91.16,13,Premium Case | iPhone15,No Promo
88.98,1,Premium Case | iPhone15,No Promo
88.27,4,Premium Case | iPhone15,No Promo
93.28,15,Premium Case | iPhone15,No Promo
66.22,38,Premium Case | iPhone15,No Promo
79.71,27,Premium Case | iPhone15,No Promo
71.45,46,Premium Case | iPhone15,No Promo
88.43,1,Premium Case | iPhone15,No Promo
81.27,26,Premium Case | iPhone15,No Promo
60.94,41,Premium Case | iPhone15,No Promo
92.47,0,Premium Case | iPhone15,No Promo
86.71,21,Premium Case | iPhone15,No Promo
66.6,33,Premium Case | iPhone15,No Promo
50.68,38,Premium Case | iPhone15,No Promo
77.41,41,Premium Case | iPhone15,No Promo
64.8,37,Premium Case | iPhone15,No Promo
78.2,31,Premium Case | iPhone15,No Promo
53.47,29,Premium Case | iPhone15,No Promo
95.86,14,Premium Case | iPhone15,No Promo
57.16,45,Premium Case | iPhone15,No Promo
84.89,0,Premium Case | iPhone15,No Promo
89.61,14,Premium Case | iPhone15,No Promo
64.79,36,Premium Case | iPhone15,No Promo
63.6,48,Premium Case | iPhone15,No Promo
79.67,34,Premium Case | iPhone15,No Promo
86.44,20,Premium Case | iPhone15,No Promo
67.14,52,Premium Case | iPhone15,No Promo
54.72,47,Premium Case | iPhone15,No Promo
55.17,51,Premium Case | iPhone15,No Promo
86.45,4,Premium Case | iPhone15,No Promo
62.72,50,Premium Case | iPhone15,No Promo
77.01,23,Premium Case | iPhone15,No Promo
75.72,29,Premium Case | iPhone15,No Promo
77.44,6,Premium Case | iPhone15,No Promo
62.01,53,Premium Case | iPhone15,No Promo
65.75,48,Premium Case | iPhone15,No Promo
93.68,0,Premium Case | iPhone15,The Big Game
79.14,8,Premium Case | iPhone15,No Promo
70.14,19,Premium Case | iPhone15,No Promo
84.11,19,Premium Case | iPhone15,No Promo
56.42,34,Premium Case | iPhone15,No Promo
84.67,20,Premium Case | iPhone15,No Promo
75.0,28,Premium Case | iPhone15,No Promo
80.96,39,Premium Case | iPhone15,No Promo
92.5,0,Premium Case | iPhone15,No Promo
56.28,81,Premium Case | iPhone15,New iPhone
79.28,10,Premium Case | iPhone15,No Promo
54.3,47,Premium Case | iPhone15,No Promo
77.22,13,Premium Case | iPhone15,No Promo
81.89,18,Premium Case | iPhone15,No Promo
84.47,9,Premium Case | iPhone15,No Promo
65.39,50,Premium Case | iPhone15,No Promo
68.24,37,Premium Case | iPhone15,No Promo
73.31,31,Premium Case | iPhone15,No Promo
67.93,50,Premium Case | iPhone15,No Promo
51.05,38,Premium Case | iPhone15,No Promo
83.78,28,Premium Case | iPhone15,No Promo
87.81,18,Premium Case | iPhone15,No Promo
62.54,36,Premium Case | iPhone15,No Promo
79.23,46,Premium Case | iPhone15,New iPhone
66.97,31,Premium Case | iPhone15,No Promo
58.1,30,Premium Case | iPhone15,No Promo
55.76,27,Premium Case | iPhone15,No Promo
70.74,22,Premium Case | iPhone15,No Promo
82.41,37,Premium Case | iPhone15,No Promo
90.69,13,Premium Case | iPhone15,No Promo
57.57,43,Premium Case | iPhone15,No Promo
80.09,3,Premium Case | iPhone15,No Promo
56.34,33,Premium Case | iPhone15,No Promo
58.13,63,Premium Case | iPhone15,No Promo
93.6,18,Premium Case | iPhone15,No Promo
67.27,24,Premium Case | iPhone15,No Promo
78.29,22,Premium Case | iPhone15,No Promo
69.82,29,Premium Case | iPhone15,No Promo
71.64,27,Premium Case | iPhone15,No Promo
54.03,51,Premium Case | iPhone15,No Promo
91.42,23,Premium Case | iPhone15,No Promo
73.84,31,Premium Case | iPhone15,No Promo
63.85,41,Premium Case | iPhone15,No Promo
56.22,48,Premium Case | iPhone15,No Promo
79.03,0,Premium Case | iPhone15,No Promo
83.61,9,Premium Case | iPhone15,No Promo
71.99,23,Premium Case | iPhone15,No Promo
69.05,39,Premium Case | iPhone15,No Promo
69.16,32,Premium Case | iPhone15,No Promo
72.13,32,Premium Case | iPhone15,No Promo
79.4,24,Premium Case | iPhone15,No Promo
89.99,14,Premium Case | iPhone15,No Promo
89.22,21,Premium Case | iPhone15,No Promo
70.71,139,Premium Case | iPhone15,Black Friday
61.02,47,Premium Case | iPhone15,No Promo
78.58,22,Premium Case | iPhone15,No Promo
88.18,5,Premium Case | iPhone15,No Promo
61.34,37,Premium Case | iPhone15,No Promo
58.17,33,Premium Case | iPhone15,No Promo
60.11,38,Premium Case | iPhone15,No Promo
75.59,18,Premium Case | iPhone15,No Promo
69.14,31,Premium Case | iPhone15,No Promo
53.1,35,Premium Case | iPhone15,No Promo
78.69,22,Premium Case | iPhone15,No Promo
97.99,12,Premium Case | iPhone15,No Promo
54.9,46,Premium Case | iPhone15,No Promo
82.28,4,Premium Case | iPhone15,No Promo
97.3,0,Premium Case | iPhone15,No Promo
58.49,39,Premium Case | iPhone15,No Promo
56.16,36,Premium Case | iPhone15,No Promo
99.48,0,Premium Case | iPhone15,No Promo
97.45,12,Premium Case | iPhone15,No Promo
53.84,25,Premium Case | iPhone15,No Promo
83.52,13,Premium Case | iPhone15,No Promo
70.77,3,Premium Case | iPhone15,No Promo
66.77,48,Premium Case | iPhone15,No Promo
65.77,40,Premium Case | iPhone15,No Promo
61.85,43,Premium Case | iPhone15,No Promo
83.88,10,Premium Case | iPhone15,No Promo
73.75,24,Premium Case | iPhone15,No Promo
67.5,28,Premium Case | iPhone15,No Promo
99.63,0,Premium Case | iPhone15,No Promo
61.23,39,Premium Case | iPhone15,No Promo
70.48,97,Premium Case | iPhone15,Christmas
66.71,27,Premium Case | iPhone15,No Promo
71.0,33,Premium Case | iPhone15,No Promo
93.32,11,Premium Case | iPhone15,No Promo
84.6,28,Premium Case | iPhone15,No Promo
70.14,7,Premium Case | iPhone15,No Promo
99.83,0,Premium Case | iPhone15,No Promo
56.65,59,Premium Case | iPhone15,No Promo
97.46,0,Premium Case | iPhone15,No Promo
83.46,4,Premium Case | iPhone15,No Promo
70.92,44,Premium Case | iPhone15,No Promo
58.07,60,Premium Case | iPhone15,No Promo
77.67,29,Premium Case | iPhone15,No Promo
51.26,40,Premium Case | iPhone15,No Promo
89.01,19,Premium Case | iPhone15,No Promo
78.37,10,Premium Case | iPhone15,No Promo
86.75,2,Premium Case | iPhone15,No Promo
63.07,36,Premium Case | iPhone15,No Promo
79.96,1,Premium Case | iPhone15,No Promo
86.73,12,Premium Case | iPhone15,No Promo
79.24,19,Premium Case | iPhone15,No Promo
54.57,32,Premium Case | iPhone15,No Promo
77.53,32,Premium Case | iPhone15,No Promo
59.81,40,Premium Case | iPhone15,No Promo
93.08,9,Premium Case | iPhone15,No Promo
90.51,18,Premium Case | iPhone15,No Promo
87.49,0,Premium Case | iPhone15,No Promo
63.44,39,Premium Case | iPhone15,No Promo
62.34,58,Premium Case | iPhone15,No Promo
71.32,41,Premium Case | iPhone15,No Promo
54.08,46,Premium Case | iPhone15,No Promo
60.7,26,Premium Case | iPhone15,No Promo
70.02,40,Premium Case | iPhone15,No Promo
96.64,9,Premium Case | iPhone15,No Promo
57.69,65,Premium Case | iPhone15,No Promo
83.15,2,Premium Case | iPhone15,No Promo
96.59,18,Premium Case | iPhone15,The Big Game
93.99,16,Premium Case | iPhone15,No Promo
61.55,30,Premium Case | iPhone15,No Promo
56.91,35,Premium Case | iPhone15,No Promo
75.0,32,Premium Case | iPhone15,No Promo
88.0,4,Premium Case | iPhone15,No Promo
70.53,29,Premium Case | iPhone15,No Promo
96.73,4,Premium Case | iPhone15,No Promo
89.09,1,Premium Case | iPhone15,No Promo
83.59,13,Premium Case | iPhone15,No Promo
78.75,1,Premium Case | iPhone15,No Promo
71.37,29,Premium Case | iPhone15,No Promo
87.26,0,Premium Case | iPhone15,No Promo
59.93,33,Premium Case | iPhone15,No Promo
95.46,8,Premium Case | iPhone15,No Promo
92.31,10,Premium Case | iPhone15,No Promo
97.81,0,Premium Case | iPhone15,No Promo
74.31,23,Premium Case | iPhone15,No Promo
62.43,40,Premium Case | iPhone15,No Promo
65.12,37,Premium Case | iPhone15,No Promo
92.86,11,Premium Case | iPhone15,No Promo
97.25,0,Premium Case | iPhone15,No Promo
66.58,35,Premium Case | iPhone15,No Promo
56.0,66,Premium Case | iPhone15,No Promo
90.12,21,Premium Case | iPhone15,No Promo
87.59,0,Premium Case | iPhone15,No Promo
97.29,13,Premium Case | iPhone15,No Promo
83.89,24,Premium Case | iPhone15,No Promo
93.65,7,Premium Case | iPhone15,No Promo
73.77,24,Premium Case | iPhone15,No Promo
69.17,32,Premium Case | iPhone15,No Promo
59.46,52,Premium Case | iPhone15,No Promo
75.56,37,Premium Case | iPhone15,No Promo
91.48,7,Premium Case | iPhone15,No Promo
55.27,56,Premium Case | iPhone15,No Promo
68.15,42,Premium Case | iPhone15,No Promo
86.27,23,Premium Case | iPhone15,No Promo
52.36,117,Premium Case | iPhone15,Black Friday
83.96,6,Premium Case | iPhone15,No Promo
97.1,0,Premium Case | iPhone15,No Promo
88.78,15,Premium Case | iPhone15,No Promo
68.46,31,Premium Case | iPhone15,No Promo
67.2,42,Premium Case | iPhone15,No Promo
75.28,23,Premium Case | iPhone15,No Promo
56.92,102,Premium Case | iPhone15,Christmas
83.16,15,Premium Case | iPhone15,No Promo
70.76,23,Premium Case | iPhone15,No Promo
91.01,14,Premium Case | iPhone15,No Promo
70.95,37,Premium Case | iPhone15,No Promo
75.64,16,Premium Case | iPhone15,No Promo
79.8,71,Premium Case | iPhone15,The Big Game
67.25,31,Premium Case | iPhone15,No Promo
60.21,32,Premium Case | iPhone15,No Promo
56.02,49,Premium Case | iPhone15,No Promo
86.2,3,Premium Case | iPhone15,No Promo
75.62,22,Premium Case | iPhone15,No Promo
68.74,25,Premium Case | iPhone15,No Promo
51.78,103,Premium Case | iPhone15,The Big Game
61.64,50,Premium Case | iPhone15,No Promo
67.06,28,Premium Case | iPhone15,No Promo
83.78,18,Premium Case | iPhone15,No Promo
74.16,83,Premium Case | iPhone15,Christmas
87.73,14,Premium Case | iPhone15,No Promo
92.88,7,Premium Case | iPhone15,No Promo
85.32,21,Premium Case | iPhone15,No Promo
66.87,27,Premium Case | iPhone15,No Promo
50.03,42,Premium Case | iPhone15,No Promo
53.41,38,Premium Case | iPhone15,No Promo
77.78,3,Premium Case | iPhone15,No Promo
93.8,0,Premium Case | iPhone15,No Promo
74.65,23,Premium Case | iPhone15,No Promo
64.9,31,Premium Case | iPhone15,No Promo
58.21,44,Premium Case | iPhone15,No Promo
56.19,34,Premium Case | iPhone15,No Promo
95.47,6,Premium Case | iPhone15,No Promo
53.89,145,Premium Case | iPhone15,Black Friday
62.35,40,Premium Case | iPhone15,No Promo
50.66,46,Premium Case | iPhone15,No Promo
88.47,9,Premium Case | iPhone15,No Promo
64.21,37,Premium Case | iPhone15,No Promo
68.85,18,Premium Case | iPhone15,No Promo
84.56,17,Premium Case | iPhone15,No Promo
65.52,41,Premium Case | iPhone15,No Promo
82.28,25,Premium Case | iPhone15,No Promo
77.35,10,Premium Case | iPhone15,No Promo
51.99,30,Premium Case | iPhone15,No Promo
97.78,45,Premium Case | iPhone15,Black Friday
58.95,39,Premium Case | iPhone15,No Promo
97.39,0,Premium Case | iPhone15,No Promo
99.06,3,Premium Case | iPhone15,No Promo
88.76,0,Premium Case | iPhone15,No Promo
57.3,47,Premium Case | iPhone15,No Promo
95.88,15,Premium Case | iPhone15,No Promo
53.45,51,Premium Case | iPhone15,No Promo
65.69,24,Premium Case | iPhone15,No Promo
79.82,16,Premium Case | iPhone15,No Promo
69.11,24,Premium Case | iPhone15,No Promo
64.99,27,Premium Case | iPhone15,No Promo
80.05,30,Premium Case | iPhone15,No Promo
60.2,35,Premium Case | iPhone15,No Promo
90.05,22,Premium Case | iPhone15,No Promo
51.27,37,Premium Case | iPhone15,No Promo
65.81,20,Premium Case | iPhone15,No Promo
69.34,36,Premium Case | iPhone15,No Promo
57.36,42,Premium Case | iPhone15,No Promo
56.16,41,Premium Case | iPhone15,No Promo
96.3,6,Premium Case | iPhone15,No Promo
94.22,22,Premium Case | iPhone15,No Promo
76.73,12,Premium Case | iPhone15,No Promo
87.99,0,Premium Case | iPhone15,No Promo
97.6,11,Premium Case | iPhone15,No Promo
52.48,49,Premium Case | iPhone15,No Promo
73.25,29,Premium Case | iPhone15,No Promo
71.19,30,Premium Case | iPhone15,No Promo
98.08,0,Premium Case | iPhone15,No Promo
95.48,2,Premium Case | iPhone15,No Promo
88.11,3,Premium Case | iPhone15,No Promo
92.42,0,Premium Case | iPhone15,No Promo
89.7,24,Premium Case | iPhone15,No Promo
90.25,16,Premium Case | iPhone15,No Promo
69.75,46,Premium Case | iPhone15,No Promo
72.52,18,Premium Case | iPhone15,No Promo
67.85,38,Premium Case | iPhone15,No Promo
77.28,15,Premium Case | iPhone15,No Promo
64.6,20,Premium Case | iPhone15,No Promo
98.36,0,Premium Case | iPhone15,No Promo
97.86,11,Premium Case | iPhone15,No Promo
76.25,23,Premium Case | iPhone15,No Promo
62.61,34,Premium Case | iPhone15,No Promo
50.05,46,Premium Case | iPhone15,No Promo
98.86,10,Premium Case | iPhone15,No Promo
77.53,27,Premium Case | iPhone15,No Promo
86.41,22,Premium Case | iPhone15,No Promo
98.77,8,Premium Case | iPhone15,No Promo
67.08,29,Premium Case | iPhone15,No Promo
90.79,1,Premium Case | iPhone15,No Promo
69.68,26,Premium Case | iPhone15,No Promo
93.48,15,Premium Case | iPhone15,No Promo
88.84,8,Premium Case | iPhone15,No Promo
58.27,28,Premium Case | iPhone15,No Promo
76.77,17,Premium Case | iPhone15,No Promo
52.07,41,Premium Case | iPhone15,No Promo
77.99,14,Premium Case | iPhone15,No Promo
97.66,21,Premium Case | iPhone15,No Promo
96.51,0,Premium Case | iPhone15,No Promo
65.14,38,Premium Case | iPhone15,No Promo
78.22,17,Premium Case | iPhone15,No Promo
80.86,36,Premium Case | iPhone15,New iPhone
86.38,18,Premium Case | iPhone15,No Promo
59.6,54,Premium Case | iPhone15,No Promo
81.17,50,Premium Case | iPhone15,No Promo
66.72,22,Premium Case | iPhone15,No Promo
59.88,59,Premium Case | iPhone15,No Promo
71.89,20,Premium Case | iPhone15,No Promo
77.91,1,Premium Case | iPhone15,No Promo
86.86,13,Premium Case | iPhone15,No Promo
73.74,42,Premium Case | iPhone15,No Promo
74.25,29,Premium Case | iPhone15,No Promo
98.62,0,Premium Case | iPhone15,No Promo
74.17,31,Premium Case | iPhone15,No Promo
53.74,41,Premium Case | iPhone15,No Promo
59.75,46,Premium Case | iPhone15,No Promo
88.44,1,Premium Case | iPhone15,No Promo
51.82,50,Premium Case | iPhone15,No Promo
91.71,7,Premium Case | iPhone15,No Promo
92.2,2,Premium Case | iPhone15,No Promo
71.09,50,Premium Case | iPhone15,No Promo
78.55,7,Premium Case | iPhone15,No Promo
65.78,26,Premium Case | iPhone15,No Promo
88.33,40,Premium Case | iPhone15,New iPhone
98.5,17,Premium Case | iPhone15,No Promo
64.26,43,Premium Case | iPhone15,No Promo
72.78,19,Premium Case | iPhone15,No Promo
65.9,43,Premium Case | iPhone15,No Promo
52.81,49,Premium Case | iPhone15,No Promo
77.32,30,Premium Case | iPhone15,No Promo
67.16,39,Premium Case | iPhone15,No Promo
54.98,73,Premium Case | iPhone15,No Promo
98.18,0,Premium Case | iPhone15,No Promo
84.16,17,Premium Case | iPhone15,No Promo
78.78,35,Premium Case | iPhone15,No Promo
70.32,34,Premium Case | iPhone15,No Promo
82.43,8,Premium Case | iPhone15,No Promo
65.48,37,Premium Case | iPhone15,No Promo
95.44,0,Premium Case | iPhone15,No Promo
59.2,51,Premium Case | iPhone15,No Promo
73.71,21,Premium Case | iPhone15,No Promo
66.31,34,Premium Case | iPhone15,No Promo
57.4,98,Premium Case | iPhone15,Christmas
60.18,36,Premium Case | iPhone15,No Promo
71.28,41,Premium Case | iPhone15,No Promo
94.26,3,Premium Case | iPhone15,No Promo
76.92,34,Premium Case | iPhone15,No Promo
56.68,39,Premium Case | iPhone15,No Promo
87.57,1,Premium Case | iPhone15,No Promo
96.91,17,Premium Case | iPhone15,No Promo
66.61,39,Premium Case | iPhone15,No Promo
86.93,7,Premium Case | iPhone15,No Promo
69.36,44,Premium Case | iPhone15,No Promo
98.83,10,Premium Case | iPhone15,No Promo
90.09,7,Premium Case | iPhone15,No Promo
97.38,4,Premium Case | iPhone15,No Promo
66.31,49,Premium Case | iPhone15,No Promo
72.23,12,Premium Case | iPhone15,No Promo
